Date,Open,High,Low,Close,Volume,Dividends,Stock Splits,thscode,thsname_cn,thsname_en,currency
2025-08-29T04:00:00.000Z,3.9600000381,3.9600000381,3.8099999428,3.8399999142,544800,0.0,0.0,SY,Sybase,"Sybase, Inc.",USD
2025-09-02T04:00:00.000Z,3.7599999905,3.8399999142,3.6800000668,3.7899999619,977600,0.0,0.0,SY,Sybase,"Sybase, Inc.",USD
2025-09-03T04:00:00.000Z,3.7599999905,3.8190000057,3.5,3.6300001144,1473600,0.0,0.0,SY,Sybase,"Sybase, Inc.",USD
2025-09-04T04:00:00.000Z,3.5899999142,3.6500000954,3.4300000668,3.4600000381,761900,0.0,0.0,SY,Sybase,"Sybase, Inc.",USD
2025-09-05T04:00:00.000Z,3.4600000381,3.7799999714,3.3699998856,3.7400000095,2228200,0.0,0.0,SY,Sybase,"Sybase, Inc.",USD
2025-09-08T04:00:00.000Z,3.8299999237,4.1550002098,3.8299999237,4.1399998665,2510200,0.0,0.0,SY,Sybase,"Sybase, Inc.",USD
2025-09-09T04:00:00.000Z,4.1199998856,4.1500000954,3.9300000668,4.1399998665,833100,0.0,0.0,SY,Sybase,"Sybase, Inc.",USD
2025-09-10T04:00:00.000Z,4.0999999046,4.1050000191,3.6549999714,3.6700000763,1080100,0.0,0.0,SY,Sybase,"Sybase, Inc.",USD
2025-09-11T04:00:00.000Z,3.8199999332,3.875,3.6700000763,3.8099999428,710400,0.0,0.0,SY,Sybase,"Sybase, Inc.",USD
2025-09-12T04:00:00.000Z,3.8199999332,3.9100000858,3.6300001144,3.7699999809,958300,0.0,0.0,SY,Sybase,"Sybase, Inc.",USD
2025-09-15T04:00:00.000Z,3.8399999142,4.0599999428,3.75,3.9300000668,1148400,0.0,0.0,SY,Sybase,"Sybase, Inc.",USD
2025-09-16T04:00:00.000Z,3.9300000668,4.0700001717,3.8800001144,3.9800000191,716200,0.0,0.0,SY,Sybase,"Sybase, Inc.",USD
2025-09-17T04:00:00.000Z,4.0,4.1500000954,3.8499999046,3.9300000668,712300,0.0,0.0,SY,Sybase,"Sybase, Inc.",USD
2025-09-18T04:00:00.000Z,3.9000000954,3.9749999046,3.75,3.8099999428,886200,0.0,0.0,SY,Sybase,"Sybase, Inc.",USD
2025-09-19T04:00:00.000Z,3.7999999523,3.9700000286,3.7249999046,3.8199999332,865500,0.0,0.0,SY,Sybase,"Sybase, Inc.",USD
2025-09-22T04:00:00.000Z,3.7999999523,3.9600000381,3.6800000668,3.9600000381,1082400,0.0,0.0,SY,Sybase,"Sybase, Inc.",USD
2025-09-23T04:00:00.000Z,3.9600000381,3.9800000191,3.6600000858,3.7200000286,965800,0.0,0.0,SY,Sybase,"Sybase, Inc.",USD
2025-09-24T04:00:00.000Z,3.7799999714,4.0799999237,3.6900000572,3.9000000954,1486900,0.0,0.0,SY,Sybase,"Sybase, Inc.",USD
2025-09-25T04:00:00.000Z,3.8800001144,3.8800001144,3.7699999809,3.8299999237,342100,0.0,0.0,SY,Sybase,"Sybase, Inc.",USD
2025-09-26T04:00:00.000Z,3.8399999142,4.0310001373,3.8399999142,3.9700000286,593200,0.0,0.0,SY,Sybase,"Sybase, Inc.",USD
2025-09-29T04:00:00.000Z,4.0300002098,4.2300000191,3.8900001049,3.9800000191,813300,0.0,0.0,SY,Sybase,"Sybase, Inc.",USD
2025-09-30T04:00:00.000Z,3.9700000286,4.0399999619,3.8199999332,3.8699998856,448500,0.0,0.0,SY,Sybase,"Sybase, Inc.",USD
2025-10-01T04:00:00.000Z,3.9400000572,3.9900000095,3.7999999523,3.8099999428,778600,0.0,0.0,SY,Sybase,"Sybase, Inc.",USD
2025-10-02T04:00:00.000Z,3.8599998951,3.9400000572,3.7799999714,3.9300000668,757100,0.0,0.0,SY,Sybase,"Sybase, Inc.",USD
2025-10-03T04:00:00.000Z,3.9400000572,3.9800000191,3.7899999619,3.8399999142,719900,0.0,0.0,SY,Sybase,"Sybase, Inc.",USD
2025-10-06T04:00:00.000Z,3.7999999523,4.0500001907,3.7999999523,3.9700000286,783000,0.0,0.0,SY,Sybase,"Sybase, Inc.",USD
2025-10-07T04:00:00.000Z,3.9800000191,3.9900000095,3.7999999523,3.7999999523,487700,0.0,0.0,SY,Sybase,"Sybase, Inc.",USD
2025-10-08T04:00:00.000Z,3.8199999332,3.9600000381,3.7999999523,3.8099999428,413900,0.0,0.0,SY,Sybase,"Sybase, Inc.",USD
2025-10-09T04:00:00.000Z,3.8299999237,3.8900001049,3.6199998856,3.6500000954,1010200,0.0,0.0,SY,Sybase,"Sybase, Inc.",USD
2025-10-10T04:00:00.000Z,3.6500000954,3.7200000286,3.3299999237,3.3699998856,1361900,0.0,0.0,SY,Sybase,"Sybase, Inc.",USD
2025-10-13T04:00:00.000Z,3.5199999809,3.6400001049,3.4049999714,3.4600000381,1219200,0.0,0.0,SY,Sybase,"Sybase, Inc.",USD
2025-10-14T04:00:00.000Z,3.4100000858,3.4449999332,3.2999999523,3.3199999332,830700,0.0,0.0,SY,Sybase,"Sybase, Inc.",USD
2025-10-15T04:00:00.000Z,3.3699998856,3.4549999237,3.2699999809,3.2799999714,744200,0.0,0.0,SY,Sybase,"Sybase, Inc.",USD
2025-10-16T04:00:00.000Z,3.3499999046,3.3499999046,3.1849999428,3.2200000286,623800,0.0,0.0,SY,Sybase,"Sybase, Inc.",USD
2025-10-17T04:00:00.000Z,3.1300001144,3.1749999523,3.0,3.0799999237,1310600,0.0,0.0,SY,Sybase,"Sybase, Inc.",USD
2025-10-20T04:00:00.000Z,3.1800000668,3.2699999809,3.1199998856,3.1500000954,417300,0.0,0.0,SY,Sybase,"Sybase, Inc.",USD
2025-10-21T04:00:00.000Z,3.1500000954,3.1500000954,3.0199999809,3.0599999428,689400,0.0,0.0,SY,Sybase,"Sybase, Inc.",USD
2025-10-22T04:00:00.000Z,3.0599999428,3.0699999332,2.8599998951,2.9100000858,993000,0.0,0.0,SY,Sybase,"Sybase, Inc.",USD
2025-10-23T04:00:00.000Z,2.9100000858,3.0299999714,2.9100000858,3.0299999714,540600,0.0,0.0,SY,Sybase,"Sybase, Inc.",USD
2025-10-24T04:00:00.000Z,3.0799999237,3.1349999905,2.9549999237,2.9800000191,409100,0.0,0.0,SY,Sybase,"Sybase, Inc.",USD
2025-10-27T04:00:00.000Z,3.0899999142,3.2200000286,3.0550000668,3.1199998856,526900,0.0,0.0,SY,Sybase,"Sybase, Inc.",USD
2025-10-28T04:00:00.000Z,3.0999999046,3.0999999046,2.9000000954,2.9500000477,531900,0.0,0.0,SY,Sybase,"Sybase, Inc.",USD
2025-10-29T04:00:00.000Z,2.9900000095,3.0,2.8729999065,2.8800001144,353000,0.0,0.0,SY,Sybase,"Sybase, Inc.",USD
2025-10-30T04:00:00.000Z,2.8900001049,3.0,2.7999999523,2.8099999428,505200,0.0,0.0,SY,Sybase,"Sybase, Inc.",USD
2025-10-31T04:00:00.000Z,2.8599998951,2.9700000286,2.8099999428,2.9100000858,331300,0.0,0.0,SY,Sybase,"Sybase, Inc.",USD
2025-11-03T05:00:00.000Z,2.9700000286,3.5799999237,2.9379999638,3.4700000286,2941300,0.0,0.0,SY,Sybase,"Sybase, Inc.",USD
2025-11-04T05:00:00.000Z,3.3599998951,3.8499999046,3.3299999237,3.5199999809,3531800,0.0,0.0,SY,Sybase,"Sybase, Inc.",USD
2025-11-05T05:00:00.000Z,3.7699999809,4.375,3.7650001049,4.2100000381,3450500,0.0,0.0,SY,Sybase,"Sybase, Inc.",USD
2025-11-06T05:00:00.000Z,4.2800002098,4.5,4.1100001335,4.3200001717,2956100,0.0,0.0,SY,Sybase,"Sybase, Inc.",USD
2025-11-07T05:00:00.000Z,4.25,4.5999999046,4.1519999504,4.4699997902,3789200,0.0,0.0,SY,Sybase,"Sybase, Inc.",USD
2025-11-10T05:00:00.000Z,4.6599998474,4.7199997902,4.1700000763,4.2600002289,2540400,0.0,0.0,SY,Sybase,"Sybase, Inc.",USD
2025-11-11T05:00:00.000Z,4.3000001907,4.75,4.2800002098,4.2899999619,1604200,0.0,0.0,SY,Sybase,"Sybase, Inc.",USD
2025-11-12T05:00:00.000Z,4.3099999428,4.4099998474,3.7400000095,3.7599999905,2039200,0.0,0.0,SY,Sybase,"Sybase, Inc.",USD
2025-11-13T05:00:00.000Z,3.8299999237,3.8499999046,3.5099999905,3.6300001144,1303700,0.0,0.0,SY,Sybase,"Sybase, Inc.",USD
2025-11-14T05:00:00.000Z,3.5099999905,3.7999999523,3.5099999905,3.6700000763,997200,0.0,0.0,SY,Sybase,"Sybase, Inc.",USD
2025-11-17T05:00:00.000Z,3.6449999809,3.6800000668,3.3299999237,3.3599998951,2184300,0.0,0.0,SY,Sybase,"Sybase, Inc.",USD
2025-11-18T05:00:00.000Z,3.3299999237,3.5099999905,3.2000000477,3.4900000095,806200,0.0,0.0,SY,Sybase,"Sybase, Inc.",USD
2025-11-19T05:00:00.000Z,3.5,3.5169999599,3.0499999523,3.1600000858,1303700,0.0,0.0,SY,Sybase,"Sybase, Inc.",USD
2025-11-20T05:00:00.000Z,3.0999999046,3.2049999237,2.8199999332,2.8399999142,2192200,0.0,0.0,SY,Sybase,"Sybase, Inc.",USD
2025-11-21T05:00:00.000Z,2.8900001049,3.1050000191,2.8199999332,3.0399999619,1525600,0.0,0.0,SY,Sybase,"Sybase, Inc.",USD
2025-11-24T05:00:00.000Z,2.9900000095,3.2000000477,2.9600000381,3.1400001049,1134700,0.0,0.0,SY,Sybase,"Sybase, Inc.",USD
2025-11-25T05:00:00.000Z,3.1700000763,3.1700000763,2.8250000477,2.8699998856,1172000,0.0,0.0,SY,Sybase,"Sybase, Inc.",USD
2025-11-26T05:00:00.000Z,3.0,3.0299999714,2.8399999142,2.875,1307500,0.0,0.0,SY,Sybase,"Sybase, Inc.",USD
2025-11-28T05:00:00.000Z,2.9700000286,3.0,2.8800001144,2.9500000477,598500,0.0,0.0,SY,Sybase,"Sybase, Inc.",USD
2025-12-01T05:00:00.000Z,2.9400000572,2.9500000477,2.7899999619,2.7999999523,1302900,0.0,0.0,SY,Sybase,"Sybase, Inc.",USD
2025-12-02T05:00:00.000Z,2.8199999332,3.0450000763,2.8199999332,2.9400000572,937200,0.0,0.0,SY,Sybase,"Sybase, Inc.",USD
2025-12-03T05:00:00.000Z,2.9500000477,3.0799999237,2.8800001144,3.0699999332,553400,0.0,0.0,SY,Sybase,"Sybase, Inc.",USD
2025-12-04T05:00:00.000Z,3.0299999714,3.1199998856,2.9700000286,3.1099998951,482500,0.0,0.0,SY,Sybase,"Sybase, Inc.",USD
2025-12-05T05:00:00.000Z,3.1400001049,3.2599999905,3.0799999237,3.1199998856,559200,0.0,0.0,SY,Sybase,"Sybase, Inc.",USD
2025-12-08T05:00:00.000Z,3.1400001049,3.2249999046,3.1300001144,3.1700000763,323700,0.0,0.0,SY,Sybase,"Sybase, Inc.",USD
2025-12-09T05:00:00.000Z,3.1300001144,3.2999999523,3.1199998856,3.2599999905,702300,0.0,0.0,SY,Sybase,"Sybase, Inc.",USD
2025-12-10T05:00:00.000Z,3.2799999714,3.3299999237,3.1099998951,3.2799999714,515400,0.0,0.0,SY,Sybase,"Sybase, Inc.",USD
2025-12-11T05:00:00.000Z,3.2599999905,3.2599999905,3.0899999142,3.1099998951,356000,0.0,0.0,SY,Sybase,"Sybase, Inc.",USD
2025-12-12T05:00:00.000Z,3.0999999046,3.2200000286,3.0299999714,3.0899999142,288300,0.0,0.0,SY,Sybase,"Sybase, Inc.",USD
2025-12-15T05:00:00.000Z,3.0699999332,3.0699999332,2.9000000954,2.9100000858,339200,0.0,0.0,SY,Sybase,"Sybase, Inc.",USD
2025-12-16T05:00:00.000Z,2.8699998856,2.9449999332,2.861000061,2.9300000668,537400,0.0,0.0,SY,Sybase,"Sybase, Inc.",USD
2025-12-17T05:00:00.000Z,2.9400000572,3.0,2.8199999332,2.8199999332,466000,0.0,0.0,SY,Sybase,"Sybase, Inc.",USD
2025-12-18T05:00:00.000Z,2.8800001144,3.0,2.7799999714,2.8199999332,440200,0.0,0.0,SY,Sybase,"Sybase, Inc.",USD
2025-12-19T05:00:00.000Z,2.8499999046,3.0,2.8499999046,2.8800001144,423100,0.0,0.0,SY,Sybase,"Sybase, Inc.",USD
2025-12-22T05:00:00.000Z,2.8900001049,2.9249999523,2.8299999237,2.8900001049,489300,0.0,0.0,SY,Sybase,"Sybase, Inc.",USD
2025-12-23T05:00:00.000Z,2.8499999046,2.9100000858,2.8299999237,2.9000000954,406100,0.0,0.0,SY,Sybase,"Sybase, Inc.",USD
2025-12-24T05:00:00.000Z,2.9000000954,2.9000000954,2.6900000572,2.7999999523,1069500,0.0,0.0,SY,Sybase,"Sybase, Inc.",USD
2025-12-26T05:00:00.000Z,2.7599999905,2.7950000763,2.5599999428,2.6300001144,1015400,0.0,0.0,SY,Sybase,"Sybase, Inc.",USD
2025-12-29T05:00:00.000Z,2.5699999332,2.6600000858,2.4500000477,2.4900000095,1658700,0.0,0.0,SY,Sybase,"Sybase, Inc.",USD
2025-12-30T05:00:00.000Z,2.4900000095,2.6400001049,2.4800000191,2.5199999809,552500,0.0,0.0,SY,Sybase,"Sybase, Inc.",USD
2025-12-31T05:00:00.000Z,2.4900000095,2.5899999142,2.489000082,2.5599999428,530700,0.0,0.0,SY,Sybase,"Sybase, Inc.",USD
2026-01-02T05:00:00.000Z,2.6199998856,2.75,2.5999999046,2.6700000763,296700,0.0,0.0,SY,Sybase,"Sybase, Inc.",USD
2026-01-05T05:00:00.000Z,2.6800000668,2.7699999809,2.6300001144,2.7300000191,336600,0.0,0.0,SY,Sybase,"Sybase, Inc.",USD
2026-01-06T05:00:00.000Z,2.7699999809,2.7699999809,2.5599999428,2.6400001049,776200,0.0,0.0,SY,Sybase,"Sybase, Inc.",USD
2026-01-07T05:00:00.000Z,2.6500000954,2.6500000954,2.5050001144,2.5599999428,482600,0.0,0.0,SY,Sybase,"Sybase, Inc.",USD
2026-01-08T05:00:00.000Z,2.5399999619,2.6300001144,2.4600000381,2.6099998951,410900,0.0,0.0,SY,Sybase,"Sybase, Inc.",USD
2026-01-09T05:00:00.000Z,2.6300001144,2.6800000668,2.5899999142,2.6400001049,213200,0.0,0.0,SY,Sybase,"Sybase, Inc.",USD
2026-01-12T05:00:00.000Z,2.6199998856,2.7999999523,2.6099998951,2.7599999905,385600,0.0,0.0,SY,Sybase,"Sybase, Inc.",USD
2026-01-13T05:00:00.000Z,2.7599999905,2.7999999523,2.6300001144,2.6800000668,291500,0.0,0.0,SY,Sybase,"Sybase, Inc.",USD
2026-01-14T05:00:00.000Z,2.6600000858,2.7300000191,2.625,2.7000000477,579900,0.0,0.0,SY,Sybase,"Sybase, Inc.",USD
2026-01-15T05:00:00.000Z,2.6900000572,2.7000000477,2.6099998951,2.6500000954,310200,0.0,0.0,SY,Sybase,"Sybase, Inc.",USD
2026-01-16T05:00:00.000Z,2.6800000668,2.7100000381,2.6099998951,2.6700000763,273800,0.0,0.0,SY,Sybase,"Sybase, Inc.",USD
2026-01-20T05:00:00.000Z,2.6099998951,2.75,2.6099998951,2.6800000668,529400,0.0,0.0,SY,Sybase,"Sybase, Inc.",USD
2026-01-21T05:00:00.000Z,2.7100000381,3.1400001049,2.7000000477,3.0699999332,1266200,0.0,0.0,SY,Sybase,"Sybase, Inc.",USD
2026-01-22T05:00:00.000Z,3.0999999046,3.128000021,2.9500000477,2.9700000286,392000,0.0,0.0,SY,Sybase,"Sybase, Inc.",USD
2026-01-23T05:00:00.000Z,2.9700000286,3.0699999332,2.8849999905,2.8900001049,633000,0.0,0.0,SY,Sybase,"Sybase, Inc.",USD
2026-01-26T05:00:00.000Z,2.9200000763,3.0999999046,2.9000000954,3.0499999523,733900,0.0,0.0,SY,Sybase,"Sybase, Inc.",USD
2026-01-27T05:00:00.000Z,3.0899999142,3.2999999523,3.0,3.0399999619,755400,0.0,0.0,SY,Sybase,"Sybase, Inc.",USD
2026-01-28T05:00:00.000Z,3.0899999142,3.25,2.9149999619,2.9300000668,578100,0.0,0.0,SY,Sybase,"Sybase, Inc.",USD
2026-01-29T05:00:00.000Z,2.9200000763,2.9200000763,2.7699999809,2.8900001049,782700,0.0,0.0,SY,Sybase,"Sybase, Inc.",USD
2026-01-30T05:00:00.000Z,2.7599999905,2.8699998856,2.75,2.8399999142,578700,0.0,0.0,SY,Sybase,"Sybase, Inc.",USD
2026-02-02T05:00:00.000Z,2.7999999523,2.9900000095,2.7999999523,2.8199999332,585400,0.0,0.0,SY,Sybase,"Sybase, Inc.",USD
2026-02-03T05:00:00.000Z,2.8800001144,2.9200000763,2.7799999714,2.8900001049,477900,0.0,0.0,SY,Sybase,"Sybase, Inc.",USD
2026-02-04T05:00:00.000Z,2.8900001049,3.1400001049,2.8599998951,2.9500000477,1076400,0.0,0.0,SY,Sybase,"Sybase, Inc.",USD
2026-02-05T05:00:00.000Z,2.8800001144,3.0350000858,2.8399999142,2.9700000286,686800,0.0,0.0,SY,Sybase,"Sybase, Inc.",USD
2026-02-06T05:00:00.000Z,3.0299999714,3.3699998856,3.0099999905,3.3599998951,696700,0.0,0.0,SY,Sybase,"Sybase, Inc.",USD
2026-02-09T05:00:00.000Z,3.3800001144,3.5899999142,3.2829999924,3.4100000858,915400,0.0,0.0,SY,Sybase,"Sybase, Inc.",USD
2026-02-10T05:00:00.000Z,3.4000000954,3.7300000191,3.4000000954,3.7100000381,1791600,0.0,0.0,SY,Sybase,"Sybase, Inc.",USD
2026-02-11T05:00:00.000Z,3.8980000019,3.8980000019,3.5199999809,3.7000000477,1579200,0.0,0.0,SY,Sybase,"Sybase, Inc.",USD
2026-02-12T05:00:00.000Z,3.7100000381,3.7400000095,3.3800001144,3.4500000477,937500,0.0,0.0,SY,Sybase,"Sybase, Inc.",USD
2026-02-13T05:00:00.000Z,3.4300000668,3.4900000095,3.2249999046,3.25,873100,0.0,0.0,SY,Sybase,"Sybase, Inc.",USD
2026-02-17T05:00:00.000Z,3.25,3.3599998951,3.0599999428,3.0999999046,605200,0.0,0.0,SY,Sybase,"Sybase, Inc.",USD
2026-02-18T05:00:00.000Z,3.1400001049,3.2599999905,3.1099998951,3.1600000858,356200,0.0,0.0,SY,Sybase,"Sybase, Inc.",USD
2026-02-19T05:00:00.000Z,3.1700000763,3.2149999142,3.0899999142,3.1800000668,176600,0.0,0.0,SY,Sybase,"Sybase, Inc.",USD
2026-02-20T05:00:00.000Z,3.1400001049,3.2000000477,3.0950000286,3.1400001049,298200,0.0,0.0,SY,Sybase,"Sybase, Inc.",USD
2026-02-23T05:00:00.000Z,3.1600000858,3.3299999237,3.1600000858,3.25,202200,0.0,0.0,SY,Sybase,"Sybase, Inc.",USD
2026-02-24T05:00:00.000Z,3.2200000286,3.2650001049,3.1700000763,3.2400000095,379300,0.0,0.0,SY,Sybase,"Sybase, Inc.",USD
2026-02-25T05:00:00.000Z,3.25,3.3499999046,3.25,3.2599999905,267100,0.0,0.0,SY,Sybase,"Sybase, Inc.",USD
2026-02-26T05:00:00.000Z,3.25,3.3050000668,3.1400001049,3.1700000763,322900,0.0,0.0,SY,Sybase,"Sybase, Inc.",USD
2026-02-27T05:00:00.000Z,3.1800000668,3.2300000191,3.1099998951,3.1099998951,332900,0.0,0.0,SY,Sybase,"Sybase, Inc.",USD
2026-03-02T05:00:00.000Z,3.0199999809,3.1649999619,3.0099999905,3.1300001144,319100,0.0,0.0,SY,Sybase,"Sybase, Inc.",USD
2026-03-03T05:00:00.000Z,3.0299999714,3.0299999714,2.7799999714,2.7799999714,1228300,0.0,0.0,SY,Sybase,"Sybase, Inc.",USD
2026-03-04T05:00:00.000Z,2.8699998856,2.9500000477,2.8399999142,2.8800001144,466700,0.0,0.0,SY,Sybase,"Sybase, Inc.",USD
2026-03-05T05:00:00.000Z,2.9000000954,2.9949998856,2.8699998856,2.9100000858,411500,0.0,0.0,SY,Sybase,"Sybase, Inc.",USD
2026-03-06T05:00:00.000Z,2.9200000763,3.1300001144,2.9200000763,3.0499999523,553000,0.0,0.0,SY,Sybase,"Sybase, Inc.",USD
2026-03-09T04:00:00.000Z,2.9700000286,3.1099998951,2.9100000858,3.0899999142,307700,0.0,0.0,SY,Sybase,"Sybase, Inc.",USD
2026-03-10T04:00:00.000Z,3.0299999714,3.2249999046,2.9900000095,3.1300001144,587500,0.0,0.0,SY,Sybase,"Sybase, Inc.",USD
2026-03-11T04:00:00.000Z,3.1199998856,3.1900000572,3.0699999332,3.1700000763,278800,0.0,0.0,SY,Sybase,"Sybase, Inc.",USD
2026-03-12T04:00:00.000Z,3.1700000763,3.1749999523,3.0499999523,3.1099998951,217300,0.0,0.0,SY,Sybase,"Sybase, Inc.",USD
2026-03-13T04:00:00.000Z,3.1199998856,3.2400000095,3.0150001049,3.0499999523,216000,0.0,0.0,SY,Sybase,"Sybase, Inc.",USD
2026-03-16T04:00:00.000Z,3.0599999428,3.1900000572,3.0499999523,3.1700000763,207500,0.0,0.0,SY,Sybase,"Sybase, Inc.",USD
2026-03-17T04:00:00.000Z,3.1900000572,3.3800001144,3.1900000572,3.3399999142,353000,0.0,0.0,SY,Sybase,"Sybase, Inc.",USD
2026-03-18T04:00:00.000Z,3.3399999142,3.3650000095,3.1300001144,3.1400001049,687800,0.0,0.0,SY,Sybase,"Sybase, Inc.",USD
2026-03-19T04:00:00.000Z,3.0699999332,3.0850000381,2.9100000858,2.9500000477,370700,0.0,0.0,SY,Sybase,"Sybase, Inc.",USD
2026-03-20T04:00:00.000Z,2.9300000668,2.9700000286,2.8800001144,2.9000000954,379900,0.0,0.0,SY,Sybase,"Sybase, Inc.",USD
2026-03-23T04:00:00.000Z,2.9000000954,3.0399999619,2.9000000954,2.9100000858,644800,0.0,0.0,SY,Sybase,"Sybase, Inc.",USD
2026-03-24T04:00:00.000Z,2.9000000954,3.0099999905,2.8699998856,2.9100000858,455400,0.0,0.0,SY,Sybase,"Sybase, Inc.",USD
2026-03-25T04:00:00.000Z,2.8599998951,3.1949999332,2.7000000477,3.1900000572,1129800,0.0,0.0,SY,Sybase,"Sybase, Inc.",USD
2026-03-26T04:00:00.000Z,3.1199998856,3.1900000572,2.8299999237,2.8299999237,650000,0.0,0.0,SY,Sybase,"Sybase, Inc.",USD
2026-03-27T04:00:00.000Z,2.8499999046,2.8800001144,2.7000000477,2.7049999237,767400,0.0,0.0,SY,Sybase,"Sybase, Inc.",USD
2026-03-30T04:00:00.000Z,2.7200000286,2.75,2.5599999428,2.5899999142,839200,0.0,0.0,SY,Sybase,"Sybase, Inc.",USD
2026-03-31T04:00:00.000Z,2.5899999142,2.7899999619,2.5899999142,2.7300000191,813600,0.0,0.0,SY,Sybase,"Sybase, Inc.",USD
2026-04-01T04:00:00.000Z,2.7699999809,2.8699998856,2.7449998856,2.75,483700,0.0,0.0,SY,Sybase,"Sybase, Inc.",USD
2026-04-02T04:00:00.000Z,2.7300000191,2.8900001049,2.6500000954,2.8699998856,495800,0.0,0.0,SY,Sybase,"Sybase, Inc.",USD
2026-04-06T04:00:00.000Z,2.8099999428,2.9200000763,2.7400000095,2.8099999428,687000,0.0,0.0,SY,Sybase,"Sybase, Inc.",USD
2026-04-07T04:00:00.000Z,2.8099999428,2.8199999332,2.6500000954,2.7100000381,702700,0.0,0.0,SY,Sybase,"Sybase, Inc.",USD
2026-04-08T04:00:00.000Z,2.8099999428,2.8949999809,2.7850000858,2.8699998856,344800,0.0,0.0,SY,Sybase,"Sybase, Inc.",USD
2026-04-09T04:00:00.000Z,2.8399999142,2.8399999142,2.6199998856,2.75,672400,0.0,0.0,SY,Sybase,"Sybase, Inc.",USD
2026-04-10T04:00:00.000Z,2.7599999905,2.8050000668,2.5299999714,2.5799999237,625700,0.0,0.0,SY,Sybase,"Sybase, Inc.",USD
2026-04-13T04:00:00.000Z,2.6099998951,2.6900000572,2.6099998951,2.6900000572,246700,0.0,0.0,SY,Sybase,"Sybase, Inc.",USD
2026-04-14T04:00:00.000Z,2.7000000477,2.7699999809,2.6800000668,2.7599999905,438400,0.0,0.0,SY,Sybase,"Sybase, Inc.",USD
2026-04-15T04:00:00.000Z,2.7400000095,2.7899999619,2.7100000381,2.7400000095,207000,0.0,0.0,SY,Sybase,"Sybase, Inc.",USD
2026-04-16T04:00:00.000Z,2.7300000191,2.8450000286,2.7100000381,2.7999999523,333400,0.0,0.0,SY,Sybase,"Sybase, Inc.",USD
2026-04-17T04:00:00.000Z,2.8299999237,2.8699998856,2.7799999714,2.8299999237,448300,0.0,0.0,SY,Sybase,"Sybase, Inc.",USD
2026-04-20T04:00:00.000Z,2.8269999027,2.9049999714,2.7850000858,2.9000000954,212100,0.0,0.0,SY,Sybase,"Sybase, Inc.",USD
2026-04-21T04:00:00.000Z,2.8900001049,2.9400000572,2.7799999714,2.7999999523,244400,0.0,0.0,SY,Sybase,"Sybase, Inc.",USD
2026-04-22T04:00:00.000Z,2.8099999428,2.8699998856,2.7999999523,2.8499999046,299500,0.0,0.0,SY,Sybase,"Sybase, Inc.",USD
2026-04-23T04:00:00.000Z,2.8299999237,2.8299999237,2.6400001049,2.7000000477,648600,0.0,0.0,SY,Sybase,"Sybase, Inc.",USD
2026-04-24T04:00:00.000Z,2.7000000477,2.7300000191,2.6649999619,2.7200000286,215700,0.0,0.0,SY,Sybase,"Sybase, Inc.",USD
2026-04-27T04:00:00.000Z,2.7300000191,2.7799999714,2.7200000286,2.7599999905,168200,0.0,0.0,SY,Sybase,"Sybase, Inc.",USD
2026-04-28T04:00:00.000Z,2.7300000191,2.8849999905,2.7000000477,2.8599998951,405500,0.0,0.0,SY,Sybase,"Sybase, Inc.",USD
2026-04-29T04:00:00.000Z,2.8599998951,2.9300000668,2.8199999332,2.9000000954,304000,0.0,0.0,SY,Sybase,"Sybase, Inc.",USD
2026-04-30T04:00:00.000Z,2.8800001144,3.0699999332,2.8800001144,3.0199999809,306600,0.0,0.0,SY,Sybase,"Sybase, Inc.",USD
2026-05-01T04:00:00.000Z,3.0299999714,3.0950000286,2.9049999714,3.0,591800,0.0,0.0,SY,Sybase,"Sybase, Inc.",USD
2026-05-04T04:00:00.000Z,3.0099999905,3.0499999523,2.9749999046,3.0,193800,0.0,0.0,SY,Sybase,"Sybase, Inc.",USD
2026-05-05T04:00:00.000Z,3.0399999619,3.2000000477,3.0099999905,3.1600000858,478400,0.0,0.0,SY,Sybase,"Sybase, Inc.",USD
2026-05-06T04:00:00.000Z,3.1600000858,3.2999999523,3.1300001144,3.2599999905,430500,0.0,0.0,SY,Sybase,"Sybase, Inc.",USD
2026-05-07T04:00:00.000Z,3.2699999809,3.3199999332,3.0199999809,3.0199999809,590300,0.0,0.0,SY,Sybase,"Sybase, Inc.",USD
2026-05-08T04:00:00.000Z,3.0399999619,3.0999999046,2.9600000381,2.9700000286,233200,0.0,0.0,SY,Sybase,"Sybase, Inc.",USD
2026-05-11T04:00:00.000Z,2.9900000095,3.0999999046,2.9900000095,3.0399999619,339800,0.0,0.0,SY,Sybase,"Sybase, Inc.",USD
2026-05-12T04:00:00.000Z,3.0099999905,3.0850000381,2.9200000763,2.9500000477,371300,0.0,0.0,SY,Sybase,"Sybase, Inc.",USD
2026-05-13T04:00:00.000Z,3.0099999905,3.0399999619,2.8699998856,2.9000000954,448000,0.0,0.0,SY,Sybase,"Sybase, Inc.",USD
2026-05-14T04:00:00.000Z,2.8499999046,2.9100000858,2.7699999809,2.8499999046,694200,0.0,0.0,SY,Sybase,"Sybase, Inc.",USD
2026-05-15T04:00:00.000Z,2.8499999046,2.8599998951,2.7599999905,2.8499999046,429300,0.0,0.0,SY,Sybase,"Sybase, Inc.",USD
2026-05-18T04:00:00.000Z,2.8599998951,2.8800001144,2.7149999142,2.7999999523,338100,0.0,0.0,SY,Sybase,"Sybase, Inc.",USD
2026-05-19T04:00:00.000Z,2.7899999619,2.8299999237,2.75,2.7999999523,430500,0.0,0.0,SY,Sybase,"Sybase, Inc.",USD
2026-05-20T04:00:00.000Z,2.8599998951,2.8599998951,2.6300001144,2.6300001144,758400,0.0,0.0,SY,Sybase,"Sybase, Inc.",USD
2026-05-21T04:00:00.000Z,2.6099998951,2.7049999237,2.5299999714,2.6700000763,881500,0.0,0.0,SY,Sybase,"Sybase, Inc.",USD
2026-05-22T04:00:00.000Z,2.4200000763,2.4900000095,1.9450000525,2.2300000191,3726700,0.0,0.0,SY,Sybase,"Sybase, Inc.",USD
2026-05-26T04:00:00.000Z,2.25,2.3699998856,1.8650000095,2.2000000477,2743100,0.0,0.0,SY,Sybase,"Sybase, Inc.",USD
2026-05-27T04:00:00.000Z,2.0999999046,2.1199998856,1.9650000334,2.0499999523,1487700,0.0,0.0,SY,Sybase,"Sybase, Inc.",USD
2026-05-28T04:00:00.000Z,2.0299999714,2.0750000477,1.9500000477,1.9500000477,562000,0.0,0.0,SY,Sybase,"Sybase, Inc.",USD
2026-05-29T04:00:00.000Z,1.9700000286,2.0850000381,1.8600000143,1.9500000477,1016800,0.0,0.0,SY,Sybase,"Sybase, Inc.",USD
2026-06-01T04:00:00.000Z,1.9700000286,2.0499999523,1.8999999762,2.0299999714,755400,0.0,0.0,SY,Sybase,"Sybase, Inc.",USD
2026-06-02T04:00:00.000Z,2.0599999428,2.2200000286,2.0450000763,2.0999999046,1296800,0.0,0.0,SY,Sybase,"Sybase, Inc.",USD
2026-06-03T04:00:00.000Z,2.1199998856,2.1199998856,1.9099999666,1.9500000477,627200,0.0,0.0,SY,Sybase,"Sybase, Inc.",USD
2026-06-04T04:00:00.000Z,1.9600000381,2.0750000477,1.9600000381,2.0299999714,597800,0.0,0.0,SY,Sybase,"Sybase, Inc.",USD
2026-06-05T04:00:00.000Z,2.0,2.0599999428,1.9049999714,1.9299999475,842600,0.0,0.0,SY,Sybase,"Sybase, Inc.",USD
2026-06-08T04:00:00.000Z,1.9500000477,1.9500000477,1.8099999428,1.8300000429,404100,0.0,0.0,SY,Sybase,"Sybase, Inc.",USD
2026-06-09T04:00:00.000Z,1.8700000048,1.9199999571,1.7999999523,1.8600000143,482800,0.0,0.0,SY,Sybase,"Sybase, Inc.",USD
2026-06-10T04:00:00.000Z,1.8400000334,1.9600000381,1.8300000429,1.8799999952,349700,0.0,0.0,SY,Sybase,"Sybase, Inc.",USD
2026-06-11T04:00:00.000Z,1.8799999952,2.0150001049,1.8799999952,1.9700000286,693500,0.0,0.0,SY,Sybase,"Sybase, Inc.",USD
2026-06-12T04:00:00.000Z,1.9800000191,2.0699999332,1.8500000238,1.8600000143,744100,0.0,0.0,SY,Sybase,"Sybase, Inc.",USD
2026-06-15T04:00:00.000Z,1.8899999857,1.9199999571,1.7749999762,1.7799999714,325600,0.0,0.0,SY,Sybase,"Sybase, Inc.",USD
2026-06-16T04:00:00.000Z,1.7799999714,1.8099999428,1.7100000381,1.7300000191,416200,0.0,0.0,SY,Sybase,"Sybase, Inc.",USD
2026-06-17T04:00:00.000Z,1.7200000286,1.7319999933,1.5399999619,1.5449999571,508900,0.0,0.0,SY,Sybase,"Sybase, Inc.",USD
2026-06-18T04:00:00.000Z,1.5599999428,1.5750000477,1.4199999571,1.4249999523,437100,0.0,0.0,SY,Sybase,"Sybase, Inc.",USD
2026-06-22T04:00:00.000Z,1.4099999666,1.6449999809,1.2799999714,1.5650000572,1285600,0.0,0.0,SY,Sybase,"Sybase, Inc.",USD
2026-06-23T04:00:00.000Z,1.4900000095,1.5700000525,1.4199999571,1.4700000286,462800,0.0,0.0,SY,Sybase,"Sybase, Inc.",USD
2026-06-24T04:00:00.000Z,1.4400000572,1.4800000191,1.3400000334,1.3999999762,785700,0.0,0.0,SY,Sybase,"Sybase, Inc.",USD
2026-06-25T04:00:00.000Z,1.3899999857,1.3949999809,1.3200000525,1.3200000525,367600,0.0,0.0,SY,Sybase,"Sybase, Inc.",USD
2026-06-26T04:00:00.000Z,1.3099999428,1.4349999428,1.3099999428,1.4199999571,608100,0.0,0.0,SY,Sybase,"Sybase, Inc.",USD
2026-06-29T04:00:00.000Z,1.4400000572,1.5049999952,1.4099999666,1.4400000572,442300,0.0,0.0,SY,Sybase,"Sybase, Inc.",USD
2026-06-30T04:00:00.000Z,1.4500000477,1.5700000525,1.3999999762,1.4800000191,571300,0.0,0.0,SY,Sybase,"Sybase, Inc.",USD
2026-07-01T04:00:00.000Z,1.4800000191,1.7899999619,1.4800000191,1.7000000477,827700,0.0,0.0,SY,Sybase,"Sybase, Inc.",USD
2026-07-02T04:00:00.000Z,1.7100000381,1.7400000095,1.5099999905,1.5399999619,343100,0.0,0.0,SY,Sybase,"Sybase, Inc.",USD
2026-07-06T04:00:00.000Z,1.5599999428,1.6699999571,1.5599999428,1.6299999952,183800,0.0,0.0,SY,Sybase,"Sybase, Inc.",USD
2026-07-07T04:00:00.000Z,1.6200000048,1.6299999952,1.5299999714,1.5599999428,335100,0.0,0.0,SY,Sybase,"Sybase, Inc.",USD
2026-07-08T04:00:00.000Z,1.5700000525,1.6900000572,1.5700000525,1.6499999762,391600,0.0,0.0,SY,Sybase,"Sybase, Inc.",USD
2026-07-09T04:00:00.000Z,1.6100000143,1.6549999714,1.5800000429,1.6399999857,257900,0.0,0.0,SY,Sybase,"Sybase, Inc.",USD
2026-07-10T04:00:00.000Z,1.6299999952,1.7250000238,1.6100000143,1.7100000381,136500,0.0,0.0,SY,Sybase,"Sybase, Inc.",USD
2026-07-13T04:00:00.000Z,1.7000000477,1.7350000143,1.6599999666,1.7100000381,75900,0.0,0.0,SY,Sybase,"Sybase, Inc.",USD
2026-07-14T04:00:00.000Z,1.6799999475,1.7150000334,1.6699999571,1.6699999571,66700,0.0,0.0,SY,Sybase,"Sybase, Inc.",USD
2026-07-15T04:00:00.000Z,1.7200000286,1.8500000238,1.7200000286,1.8400000334,167500,0.0,0.0,SY,Sybase,"Sybase, Inc.",USD
2026-07-16T04:00:00.000Z,1.7899999619,1.8200000525,1.6900000572,1.6900000572,298100,0.0,0.0,SY,Sybase,"Sybase, Inc.",USD
2026-07-17T04:00:00.000Z,1.6399999857,1.7100000381,1.6399999857,1.6799999475,414500,0.0,0.0,SY,Sybase,"Sybase, Inc.",USD
2026-07-20T04:00:00.000Z,1.6299999952,1.7450000048,1.6299999952,1.6799999475,256000,0.0,0.0,SY,Sybase,"Sybase, Inc.",USD
2026-07-21T04:00:00.000Z,1.6640000343,1.8450000286,1.6200000048,1.8300000429,238900,0.0,0.0,SY,Sybase,"Sybase, Inc.",USD
2026-07-22T04:00:00.000Z,1.8099999428,1.8799999952,1.7400000095,1.8500000238,136100,0.0,0.0,SY,Sybase,"Sybase, Inc.",USD
2026-07-23T04:00:00.000Z,1.8500000238,1.9900000095,1.8400000334,1.9199999571,196500,0.0,0.0,SY,Sybase,"Sybase, Inc.",USD
2026-07-24T04:00:00.000Z,1.9099999666,1.9500000477,1.8600000143,1.9299999475,90300,0.0,0.0,SY,Sybase,"Sybase, Inc.",USD
2026-07-27T04:00:00.000Z,1.9600000381,2.2290000916,1.9400000572,1.9700000286,654000,0.0,0.0,SY,Sybase,"Sybase, Inc.",USD
2026-07-28T04:00:00.000Z,2.0299999714,2.0559999943,1.9299999475,1.9600000381,128100,0.0,0.0,SY,Sybase,"Sybase, Inc.",USD
2026-07-29T04:00:00.000Z,1.9800000191,1.9800000191,1.8799999952,1.9400000572,183700,0.0,0.0,SY,Sybase,"Sybase, Inc.",USD
2026-07-30T04:00:00.000Z,1.9509999752,2.0999999046,1.7400000095,1.8300000429,474900,0.0,0.0,SY,Sybase,"Sybase, Inc.",USD
2026-07-31T04:00:00.000Z,1.8099999428,1.9600000381,1.8099999428,1.8400000334,113700,0.0,0.0,SY,Sybase,"Sybase, Inc.",USD
2026-08-03T04:00:00.000Z,1.8300000429,1.9609999657,1.8300000429,1.9199999571,115400,0.0,0.0,SY,Sybase,"Sybase, Inc.",USD
2026-08-04T04:00:00.000Z,1.8999999762,2.0009999275,1.8999999762,1.9900000095,100100,0.0,0.0,SY,Sybase,"Sybase, Inc.",USD
2026-08-05T04:00:00.000Z,2.0,2.125,1.8949999809,2.0899999142,244500,0.0,0.0,SY,Sybase,"Sybase, Inc.",USD
2026-08-06T04:00:00.000Z,2.1099998951,2.118999958,2.0299999714,2.1099998951,66500,0.0,0.0,SY,Sybase,"Sybase, Inc.",USD
2026-08-07T04:00:00.000Z,2.0550000668,2.2000000477,2.0550000668,2.1800000668,157400,0.0,0.0,SY,Sybase,"Sybase, Inc.",USD
2026-08-10T04:00:00.000Z,2.1400001049,2.3800001144,2.1400001049,2.2699999809,262300,0.0,0.0,SY,Sybase,"Sybase, Inc.",USD
2026-08-11T04:00:00.000Z,2.2400000095,2.2699999809,2.1700000763,2.2100000381,90900,0.0,0.0,SY,Sybase,"Sybase, Inc.",USD
2026-08-12T04:00:00.000Z,2.2349998951,2.2699999809,2.1749999523,2.25,120000,0.0,0.0,SY,Sybase,"Sybase, Inc.",USD
2026-08-13T04:00:00.000Z,2.25,2.3599998951,2.1949999332,2.2000000477,138700,0.0,0.0,SY,Sybase,"Sybase, Inc.",USD
2026-08-14T04:00:00.000Z,2.1849999428,2.2599999905,2.1400001049,2.2400000095,93600,0.0,0.0,SY,Sybase,"Sybase, Inc.",USD
2026-08-17T04:00:00.000Z,2.25,2.2699999809,2.1849999428,2.2100000381,129000,0.0,0.0,SY,Sybase,"Sybase, Inc.",USD
2026-08-18T04:00:00.000Z,2.25,2.2660000324,2.2000000477,2.2100000381,54800,0.0,0.0,SY,Sybase,"Sybase, Inc.",USD
2026-08-19T04:00:00.000Z,2.2200000286,2.3900001049,2.2100000381,2.3900001049,128200,0.0,0.0,SY,Sybase,"Sybase, Inc.",USD
2026-08-20T04:00:00.000Z,2.3650000095,2.3650000095,2.2599999905,2.2699999809,70600,0.0,0.0,SY,Sybase,"Sybase, Inc.",USD
2026-08-21T04:00:00.000Z,2.2999999523,2.3499999046,2.2590000629,2.2899999619,314200,0.0,0.0,SY,Sybase,"Sybase, Inc.",USD
2026-08-24T04:00:00.000Z,2.2630000114,2.4800000191,2.1800000668,2.3499999046,692400,0.0,0.0,SY,Sybase,"Sybase, Inc.",USD
2026-08-25T04:00:00.000Z,2.3499999046,2.4300000668,2.3399999142,2.4249999523,98200,0.0,0.0,SY,Sybase,"Sybase, Inc.",USD
2026-08-26T04:00:00.000Z,2.3699998856,2.4300000668,2.3599998951,2.4000000954,110600,0.0,0.0,SY,Sybase,"Sybase, Inc.",USD
2026-08-27T04:00:00.000Z,2.3499999046,2.3699998856,2.2850000858,2.3199999332,156400,0.0,0.0,SY,Sybase,"Sybase, Inc.",USD
2026-08-28T04:00:00.000Z,,,,,293206,0.0,0.0,SY,Sybase,"Sybase, Inc.",USD
