一级,二级,三级,四级,五级,可能耐药的药,能克服或绕开的药物/方向,患者人数量级,全球药物市场空间,代表药物 / 公司
实体瘤,前列腺癌,转移性激素敏感性前列腺癌 mHSPC,AR通路驱动型（无HRR突变）,ADT+阿比特龙/恩扎卢胺一线治疗后进展,一代抗雄（比卡鲁胺）；传统ADT,二代AR抑制剂（恩扎卢胺、阿帕他胺、达罗他胺）三联方案；ADT+多西他赛化疗,全球年新发约146.7万人；美国年新发约29.9万人（其中mHSPC约占新发转移性患者的60%）,约40-60亿美元（mHSPC药物市场，2024）,阿帕他胺Erleada/强生；恩扎卢胺Xtandi/安斯泰来+辉瑞；达罗他胺Nubeqa/拜耳；阿比特龙Zytiga/强生
实体瘤,前列腺癌,转移性激素敏感性前列腺癌 mHSPC,AR通路驱动型（伴HRR突变，BRCA1/2等）,ADT+AR抑制剂治疗后进展,单纯AR抑制剂治疗；未联合PARP抑制剂,ADT+AR抑制剂+PARP抑制剂三联（PROpel/MAGNITUDE方案）,全球年新发约146.7万人；HRR突变占mCRPC的20-30%,约15-25亿美元（PARP抑制剂在前列腺癌的市场）,奥拉帕利Lynparza/阿斯利康+默沙东；尼拉帕利Zejula/再鼎；他拉唑帕利Talzenna/辉瑞；卢卡帕利Rubraca/Clovis
实体瘤,前列腺癌,非转移性去势抵抗性前列腺癌 nmCRPC,PSA快速上升型（PSADT≤10个月）,单纯ADT维持治疗失败,传统ADT单药；一代抗雄药物,二代AR抑制剂（恩扎卢胺、阿帕他胺、达罗他胺）延长MFS；PSMA靶向放疗辅助,全球nmCRPC存量患者约15-20万人；美国年新发约4-5万人,约25-35亿美元（nmCRPC药物市场）,恩扎卢胺Xtandi/安斯泰来；阿帕他胺Erleada/强生；达罗他胺Nubeqa/拜耳
实体瘤,前列腺癌,转移性去势抵抗性前列腺癌 mCRPC,AR阳性腺癌（ARPC）- AR扩增/突变/剪接变体,AR F877L/T878A等LBD突变；AR-V7剪接变体；AR扩增,恩扎卢胺；阿比特龙；阿帕他胺；达罗他胺,AR N端抑制剂（EPI-7386）；AR PROTAC降解剂（ARV-471类似物）；PSMA靶向RLT（177Lu-PSMA-617）；多西他赛/卡巴他赛化疗,全球mCRPC存量患者约40-50万人；美国年新发约3-4万人进展至mCRPC,约120-150亿美元（mCRPC整体药物市场）,恩扎卢胺Xtandi/安斯泰来；阿比特龙Zytiga/强生；Pluvicto/诺华；卡巴他赛Jevtana/赛诺菲；ARV-110/Arvinas（临床）
实体瘤,前列腺癌,转移性去势抵抗性前列腺癌 mCRPC,AR阳性腺癌（ARPC）- 经新型内分泌治疗+化疗后进展,多西他赛/卡巴他赛耐药；AR抑制剂继发耐药,多西他赛；卡巴他赛；恩扎卢胺；阿比特龙序贯治疗,177Lu-PSMA-617（Pluvicto）PSMA靶向放射配体疗法；PARP抑制剂（HRR突变者）；联合免疫治疗（帕博利珠单抗）,全球mCRPC后线患者约15-20万人,约30-50亿美元（PSMA靶向RLT及后线市场）,Pluvicto/诺华；Keytruda/默沙东；Xofigo/拜耳（氯化镭223）；Sipuleucel-T/Valneva（细胞免疫）
实体瘤,前列腺癌,转移性去势抵抗性前列腺癌 mCRPC,HRR突变型（BRCA1/2、ATM、CHEK2等）,PARP抑制剂获得性耐药；AR抑制剂+PARP抑制剂联合后进展,奥拉帕利；卢卡帕利；尼拉帕利；他拉唑帕利,PARP抑制剂+AR抑制剂联合维持；铂类化疗（cisplatin/carboplatin）；ATR抑制剂（camonsertib）；RAD51抑制剂（临床）,HRR突变占mCRPC的20-30%；全球约8-15万HRR突变mCRPC患者,约20-35亿美元（前列腺癌PARP抑制剂市场）,奥拉帕利Lynparza/阿斯利康+默沙东；卢卡帕利Rubraca/Clovis；他拉唑帕利Talzenna/辉瑞；尼拉帕利Zejula/再鼎
实体瘤,前列腺癌,转移性去势抵抗性前列腺癌 mCRPC,HRR突变型 - BRCA2双等位基因缺失/RB1缺失,PARP抑制剂；AR抑制剂,PARP抑制剂（奥拉帕利等）,免疫检查点抑制剂（帕博利珠单抗）联合方案；铂类化疗；CBP/p300抑制剂；B7H3-ADC（ifinatamab deruxtecan）,BRCA2缺失约占mCRPC的5-8%；RB1缺失常与NE转化相关,约5-10亿美元（精准治疗亚群）,Keytruda/默沙东；ifinatamab deruxtecan/第一三共+默沙东（I/II期）；铂类化疗
实体瘤,前列腺癌,转移性去势抵抗性前列腺癌 mCRPC,PSMA高表达型（PSMA-PET阳性）,传统化疗（多西他赛）；AR抑制剂；骨转移靶向治疗,多西他赛；卡巴他赛；AR抑制剂序贯治疗,177Lu-PSMA-617（Pluvicto）PSMA靶向放射配体疗法；225Ac-PSMA（α核素，临床）；PSMA/CD3双抗（临床）,PSMA表达>80%mCRPC；全球适用RLT的mCRPC约15-25万人,约25-40亿美元（PSMA靶向治疗市场）,Pluvicto/诺华；177Lu-PSMA-I&T（临床）；225Ac-PSMA-617（临床，多家机构）；PSMAfore/Point Biopharma（临床）
实体瘤,前列腺癌,转移性去势抵抗性前列腺癌 mCRPC,PSMA低表达/阴性型（PSMA-PET阴性）,PSMA靶向RLT（Pluvicto）；PSMA-ADC,177Lu-PSMA-617；PSMA-ADC,B7H3-ADC（ifinatamab deruxtecan）；TROP2-ADC（sacituzumab govitecan）；传统化疗；FAP-RLT（临床）,PSMA低表达约占mCRPC的15-20%；约5-10万人,约5-15亿美元（PSMA阴性后线市场）,ifinatamab deruxtecan/第一三共+默沙东；Trodelvy/吉利德；卡巴他赛Jevtana/赛诺菲
实体瘤,前列腺癌,转移性去势抵抗性前列腺癌 mCRPC,治疗相关神经内分泌转化（NEPC/t-SCNC）,RB1/TP53双缺失；AR抑制剂长期治疗后谱系可塑性转化,所有AR靶向治疗（恩扎卢胺、阿比特龙、阿帕他胺等）；PSMA靶向治疗,铂类+依托泊苷小细胞肺癌方案（cisplatin/etoposide）；卡铂+依托泊苷；免疫治疗（帕博利珠单抗）；B7H3-ADC； lurbinectedin（临床）,NEPC占mCRPC的15-25%（治疗相关转化）；全球约5-10万NEPC患者,约5-15亿美元（NEPC精准治疗市场，以化疗+免疫为主）,顺铂+依托泊苷（标准化疗）；Keytruda/默沙东；ifinatamab deruxtecan/第一三共（临床）； lurbinectedin/Jazz Pharma（临床）
实体瘤,前列腺癌,转移性去势抵抗性前列腺癌 mCRPC,MSI-H/dMMR型（微卫星不稳定）,传统化疗；AR抑制剂,化疗；内分泌治疗,帕博利珠单抗（Keytruda，FDA批准不限癌种MSI-H适应症）；dostarlimab；免疫单药即可获益,MSI-H/dMMR在前列腺癌中约3-5%；全球约1-2万人,约2-5亿美元（MSI-H前列腺癌免疫治疗市场）,Keytruda/默沙东；dostarlimab Jemperli/葛兰素史克
实体瘤,前列腺癌,转移性去势抵抗性前列腺癌 mCRPC,骨转移为主型（骨转移>80%）,骨保护剂（denosumab）单用；单纯化疗；单纯AR抑制剂,单纯化疗；AR抑制剂,氯化镭223Ra（Xofigo，α粒子靶向骨转移）；地舒单抗/唑来膦酸骨保护；177Lu-PSMA-617（PSMA+骨转移）；联合AR抑制剂,骨转移占mCRPC的>70%；全球约30-40万骨转移mCRPC患者,约10-20亿美元（骨靶向治疗市场）,Xofigo/拜耳；地舒单抗Prolia/Xgeva/安进；Pluvicto/诺华；唑来膦酸/诺华
实体瘤,膀胱癌/尿路上皮癌,肌层浸润性膀胱癌 MIBC,顺铂耐受型（cisplatin-eligible）,吉西他滨+顺铂（GC）新辅助化疗后未达pCR；术后复发,单纯吉西他滨+顺铂；MVAC方案,免疫检查点抑制剂辅助（帕博利珠单抗，KEYNOTE-123）；纳武利尤单抗辅助；阿维鲁单抗（BAVENCIO）维持；enfortumab vedotin+帕博利珠单抗新辅助（EV-303）,全球年新发约57.3万人；MIBC约占膀胱癌的20-30%；美国年新发约8.1万人,约20-40亿美元（MIBC围手术期及辅助治疗市场）,Keytruda/默沙东；Opdivo/百时美施贵宝；BAVENCIO/默克+辉瑞；Padcev+Keytruda/安斯泰来+辉瑞+Seagen
实体瘤,膀胱癌/尿路上皮癌,肌层浸润性膀胱癌 MIBC,顺铂不耐受型（cisplatin-unfit）,含铂化疗；传统顺铂方案,顺铂；甲氨蝶呤+长春碱+阿霉素+顺铂（MVAC）,免疫检查点抑制剂（帕博利珠单抗、阿替利珠单抗）一线；enfortumab vedotin+帕博利珠单抗（EV-103）联合方案；卡铂+吉西他滨替代方案,顺铂不耐受约占MIBC的40-50%；全球约5-8万顺铂不耐受MIBC患者,约10-20亿美元（顺铂不耐受一线市场）,Keytruda/默沙东；Tecentriq/罗氏；Padcev+Keytruda/安斯泰来+辉瑞+Seagen；Jemperli/葛兰素史克
实体瘤,膀胱癌/尿路上皮癌,转移性尿路上皮癌 mUC,一线PD-L1高表达型（CPS≥10）,单纯含铂化疗；单纯免疫治疗,吉西他滨+顺铂/卡铂；化疗单药,帕博利珠单抗+含铂化疗（KEYNOTE-361）；阿替利珠单抗+化疗（IMvigor130，尽管未达OS终点）；enfortumab vedotin+帕博利珠单抗（一线联合，已获FDA批准）,mUC占膀胱癌的约20-25%；全球约12-15万mUC患者；美国约1.7万死亡,约15-30亿美元（mUC一线市场）,Keytruda/默沙东；Tecentriq/罗氏；Padcev+Keytruda/安斯泰来+辉瑞+Seagen；cisplatin/gemcitabine（化疗）
实体瘤,膀胱癌/尿路上皮癌,转移性尿路上皮癌 mUC,一线顺铂不耐受型（无PD-L1筛选）,顺铂化疗；甲氨蝶呤+长春碱+阿霉素+顺铂（MVAC）,MVAC；顺铂+吉西他滨,卡铂+吉西他滨；帕博利珠单抗单药（KEYNOTE-052，FDA批准）；enfortumab vedotin+帕博利珠单抗；阿维鲁单抗（BAVENCIO）,顺铂不耐受约占mUC的40-50%；全球约5-8万顺铂不耐受mUC患者,约10-20亿美元（顺铂不耐受mUC一线市场）,Keytruda/默沙东；BAVENCIO/默克+辉瑞；Padcev+Keytruda/安斯泰来+辉瑞+Seagen；carboplatin+gemcitabine（化疗）
实体瘤,膀胱癌/尿路上皮癌,转移性尿路上皮癌 mUC,FGFR3突变/融合型（约15-20% mUC）,"含铂化疗；PD-1/PD-L1免疫治疗（尤其FGFR3突变可能呈""免疫冷""肿瘤）",顺铂+吉西他滨；帕博利珠单抗；阿替利珠单抗,厄达替尼erdafitinib（Balversa，FGFR抑制剂，FDA+中国批准）；维普格拉替尼（临床，联合免疫）；FGFR3抑制剂联合厄达替尼+PD-1（FORAGER-1）,FGFR3改变占mUC的15-20%；全球约2-3万FGFR3突变mUC患者,约5-15亿美元（FGFR3靶向治疗市场）,Balversa/强生；futibatinib/大鹏制药（胆管癌，膀胱癌临床）；LOXO-435/礼来（临床）；infigratinib/BridgeBio（临床）
实体瘤,膀胱癌/尿路上皮癌,转移性尿路上皮癌 mUC,FGFR3抑制剂耐药型（看门人突变等）,厄达替尼erdafitinib；futibatinib,厄达替尼；futibatinib,泛ERBB抑制剂（AZD8931）联合；MEK抑制剂（曲美替尼）联合；不同载荷ADC（LY4052031，拓扑异构酶I载荷Nectin-4 ADC）；免疫联合靶向（逆转免疫抑制）,FGFR3耐药约占FGFR3突变患者的30-50%；全球约0.5-1万,约2-5亿美元（FGFR3耐药后市场）,曲美替尼Mekinist/诺华；AZD8931/阿斯利康（临床）；LY4052031/礼来（临床）；LOXO-435/礼来（临床）
实体瘤,膀胱癌/尿路上皮癌,转移性尿路上皮癌 mUC,Nectin-4高表达型（铂类+免疫治疗后进展）,含铂化疗；PD-1/PD-L1免疫治疗；传统化疗,顺铂+吉西他滨；帕博利珠单抗；纳武利尤单抗；紫杉醇化疗,enfortumab vedotin（Padcev，Nectin-4 ADC，已获批）；Padcev+帕博利珠单抗（一线联合）；sacituzumab govitecan（TROP2 ADC）,Nectin-4高表达占mUC的>70%；全球约10-15万铂类/免疫治疗后进展mUC患者,约20-40亿美元（Nectin-4 ADC市场）,Padcev/安斯泰来+辉瑞+Seagen；Trodelvy/吉利德；Keytruda/默沙东（联合方案）；Opdivo/百时美施贵宝
实体瘤,膀胱癌/尿路上皮癌,转移性尿路上皮癌 mUC,Nectin-4 ADC（Padcev）耐药型,Padcev（enfortumab vedotin）单药或联合治疗后进展,Padcev；MMAE载荷ADC,TROP2 ADC（sacituzumab govitecan）；不同载荷Nectin-4 ADC（LY4052031，拓扑异构酶I载荷）；Nectin-4/TROP2双靶ADC（AVZO-103）；传统化疗；临床试验,Padcev耐药占治疗患者的20-30%；全球约2-5万,约5-15亿美元（Padcev耐药后市场）,Trodelvy/吉利德；LY4052031/礼来（临床）；AVZO-103/Avenzo（临床，FDA快速通道）；化疗（paclitaxel/docetaxel）
实体瘤,膀胱癌/尿路上皮癌,转移性尿路上皮癌 mUC,免疫治疗原发性耐药（PD-L1低表达/免疫冷肿瘤）,帕博利珠单抗；阿替利珠单抗；纳武利尤单抗；阿维鲁单抗,PD-1/PD-L1抑制剂,enfortumab vedotin（Nectin-4 ADC）单药；Padcev+帕博利珠单抗（克服冷肿瘤）；FGFR3抑制剂（若为FGFR3突变）；sacituzumab govitecan；化疗,免疫原发耐药占mUC的35-50%；全球约4-7万,约10-20亿美元（免疫耐药后ADC市场）,Padcev/安斯泰来+辉瑞+Seagen；Trodelvy/吉利德；Balversa/强生（FGFR3突变者）；化疗（gemcitabine/carboplatin）
实体瘤,膀胱癌/尿路上皮癌,转移性尿路上皮癌 mUC,免疫治疗获得性耐药（初始有效后进展）,帕博利珠单抗；阿替利珠单抗；纳武利尤单抗,PD-1/PD-L1抑制剂,enfortumab vedotin（Padcev）；Padcev+帕博利珠单抗再挑战；sacituzumab govitecan；LAG-3/PD-1双抗（临床）；TIGIT抑制剂+PD-1（临床）,免疫获得性耐药占mUC的30-40%；全球约3-5万,约10-20亿美元（免疫获得性耐药后市场）,Padcev/安斯泰来+辉瑞+Seagen；Trodelvy/吉利德；Opdualag/百时美施贵宝（LAG-3+PD-1，NSCLC已批，膀胱癌临床）；tiragolumab/罗氏（TIGIT+PD-1，临床）
实体瘤,膀胱癌/尿路上皮癌,转移性尿路上皮癌 mUC,MSI-H/dMMR型,传统化疗；铂类方案,化疗；免疫治疗（非MSI-H筛选）,帕博利珠单抗（MSI-H不限癌种适应症）；dostarlimab；免疫单药疗效极佳（ORR 50-70%）,MSI-H/dMMR在尿路上皮癌中约5-10%；全球约0.5-1.5万,约2-5亿美元（MSI-H mUC免疫治疗市场）,Keytruda/默沙东；Jemperli/葛兰素史克
实体瘤,膀胱癌/尿路上皮癌,非肌层浸润性膀胱癌 NMIBC,BCG灌注失败/不耐受型（高危NMIBC）,卡介苗BCG灌注；膀胱内化疗（丝裂霉素、表柔比星）,BCG；膀胱内化疗,帕博利珠单抗（KEYNOTE-057，FDA批准BCG无反应NMIBC）；Nadofaragene firadenovec（Adstiladrin，基因疗法，FDA批准）；膀胱内厄达替尼（临床）；膀胱切除术,NMIBC占膀胱癌的70-80%；BCG失败/不耐受全球约10-20万人,约5-15亿美元（NMIBC BCG后市场）,Keytruda/默沙东；Adstiladrin/Ferring Pharma；Balversa/强生（膀胱内给药，临床）；BCG/默克（传统）
实体瘤,肾癌,局限性肾细胞癌（I-III期）,透明细胞肾细胞癌 ccRCC（VHL突变驱动）,单纯手术；未行术后辅助靶向治疗,单纯手术（根治性肾切除/部分肾切除）,手术+术后免疫辅助（帕博利珠单抗，KEYNOTE-564，已获FDA批准）；主动监测（小肾癌<3cm）；立体定向放疗（SABR，临床）,局限性肾癌约占肾癌的70-80%；全球约30-35万人；美国约8.1万总新发,约5-15亿美元（术后辅助免疫市场）,Keytruda/默沙东；Sutent/辉瑞（旧标准，已退位）；Opdivo/百时美施贵宝（辅助免疫，CheckMate-914）
实体瘤,肾癌,转移性肾细胞癌 mRCC,透明细胞肾细胞癌 ccRCC（VHL/3p缺失驱动）- IO+TKI一线,单纯靶向治疗（TKI单药）；单纯免疫治疗（IO单药）,舒尼替尼单药；帕唑帕尼单药；索拉非尼单药,免疫+靶向联合：帕博利珠单抗+阿昔替尼（KEYNOTE-426）；帕博利珠单抗+仑伐替尼（CLEAR试验）；卡博替尼+纳武利尤单抗（CheckMate-9ER）；avelumab+阿昔替尼（JAVELIN Renal 101）,mRCC占肾癌的20-30%；全球约10-15万人；美国约2-3万人,约30-50亿美元（mRCC一线联合治疗市场）,Keytruda+Inlyta/默沙东+辉瑞；Opdivo+Cometriq/百时美施贵宝+益普生；Keytruda+Lenvima/默沙东+卫材；Bavencio+Inlyta/默克+辉瑞+辉瑞
实体瘤,肾癌,转移性肾细胞癌 mRCC,透明细胞肾细胞癌 ccRCC（VHL/3p缺失驱动）- IO+IO双免疫一线,单纯靶向治疗；单药免疫治疗,舒尼替尼；帕唑帕尼；索拉非尼,伊匹木单抗+纳武利尤单抗（CheckMate-214，FDA批准；低危/中危人群优选）；纳武利尤单抗+relatlimab（LAG-3，临床）；联合后转TKI维持,适用于中高危mRCC；全球约5-8万中高危ccRCC患者,约15-25亿美元（双免疫一线市场）,Opdivo+Yervoy/百时美施贵宝；Opdivo+Opdualag（relatlimab）/百时美施贵宝；卡博替尼单药（CheckMate-214对照组，后续维持）
实体瘤,肾癌,转移性肾细胞癌 mRCC,ccRCC - TKI一线耐药后（IO+TKI治疗后进展）,舒尼替尼；帕唑帕尼；阿昔替尼；仑伐替尼+依维莫司,VEGFR-TKI（舒尼替尼、帕唑帕尼、阿昔替尼、仑伐替尼）,卡博替尼（二线标准）；免疫再挑战（纳武利尤单抗）；TKI+免疫联合换用（卡博替尼+IO，临床）；HIF-2α抑制剂（belzutifan，VHL相关，临床扩展）,TKI耐药后二线全球约5-10万人,约10-20亿美元（TKI耐药后二线市场）,Cometriq/益普生；Opdivo/百时美施贵宝；Welireg/默沙东（HIF-2α抑制剂，VHL相关ccRCC已批，扩展至非VHL）；Fotivda/Aveo（替沃扎尼）
实体瘤,肾癌,转移性肾细胞癌 mRCC,ccRCC - IO治疗后进展（免疫耐药）,帕博利珠单抗；纳武利尤单抗；伊匹木单抗+纳武利尤单抗；avelumab+阿昔替尼,PD-1/PD-L1抑制剂；CTLA-4抑制剂,TKI单药（卡博替尼、阿昔替尼、仑伐替尼+依维莫司）；mTOR抑制剂（依维莫司）；TKI+mTOR联合（仑伐替尼+依维莫司）；HIF-2α抑制剂（belzutifan）,免疫耐药后全球约3-6万人,约5-15亿美元（免疫耐药后线市场）,Cometriq/益普生；Inlyta/辉瑞；Afinitor/诺华；Lenvima+Afinitor/卫材+诺华；Welireg/默沙东
实体瘤,肾癌,转移性肾细胞癌 mRCC,乳头状肾细胞癌 pRCC（1型/2型）,VEGFR-TKI（舒尼替尼）；免疫治疗（单药IO效果差）,舒尼替尼；帕唑帕尼；纳武利尤单抗（单药）,MET抑制剂（卡博替尼，部分MET驱动者）；沃利替尼（savolitinib，MET抑制剂，1型优选）；帕博利珠单抗+仑伐替尼（探索）；mTOR抑制剂（依维莫司，2型）,乳头状肾癌占肾癌的10-15%；全球约4-7万人,约3-8亿美元（乳头状肾癌靶向市场）,Cometriq/益普生；savolitinib/阿斯利康+和黄医药（中国已批乳头状肾癌）；Afinitor/诺华；Lenvima/卫材
实体瘤,肾癌,转移性肾细胞癌 mRCC,嫌色细胞肾细胞癌 chRCC,VEGFR-TKI；免疫治疗,舒尼替尼；帕唑帕尼；纳武利尤单抗,免疫+TKI联合（帕博利珠单抗+阿昔替尼，探索）；mTOR抑制剂（依维莫司，因PTEN缺失通路相关）；手术切除为主,嫌色细胞肾癌占肾癌的5-7%；全球约2-3万人,约1-3亿美元（嫌色细胞肾癌市场，药物研发有限）,Afinitor/诺华；Keytruda+Inlyta/默沙东+辉瑞（探索性）；Sutent/辉瑞（TKI）
实体瘤,肾癌,转移性肾细胞癌 mRCC,集合管癌/髓质癌（罕见，高度侵袭性）,VEGFR-TKI；免疫治疗（单药效果差）,舒尼替尼；帕唑帕尼；纳武利尤单抗,铂类化疗（类似尿路上皮癌方案，顺铂+吉西他滨）；免疫+化疗联合；卡博替尼（探索）；靶向VEGFR+MET,集合管癌占肾癌的<1%；全球约<1万人,约0.5-1亿美元（罕见亚型，无专属药物）,顺铂+吉西他滨（化疗方案）；Cometriq/益普生（探索）；Opdivo/百时美施贵宝（探索）
实体瘤,肾癌,VHL相关肾细胞癌（遗传性）,VHL突变驱动型（双侧多发ccRCC）,传统VEGFR-TKI；单纯观察,VEGFR-TKI（舒尼替尼、帕唑帕尼）,HIF-2α抑制剂（belzutifan，Welireg，FDA已批准VHL相关ccRCC）；保留肾单位手术（NSS）<3cm；消融治疗；双侧肾切除+透析/移植（>4cm中央肿瘤）,VHL患者约70%伴发肾癌；全球约1-2万VHL相关肾癌患者,约2-5亿美元（VHL相关肾癌市场）,Welireg/默沙东；Sutent/辉瑞；Votrient/诺华；手术为主
实体瘤,肾癌,转移性肾细胞癌 mRCC,ccRCC - mTOR抑制剂（依维莫司）耐药后,依维莫司；替西罗莫司,mTOR抑制剂（依维莫司、替西罗莫司）,卡博替尼（MET/AXL/VEGFR多靶点）；仑伐替尼+依维莫司（RENETOR方案）；免疫治疗再挑战；HIF-2α抑制剂（belzutifan）,mTOR抑制剂后线全球约1-3万人,约2-5亿美元（mTOR耐药后线市场）,Cometriq/益普生；Lenvima+Afinitor/卫材+诺华；Welireg/默沙东；Fotivda/Aveo
实体瘤,肾癌,转移性肾细胞癌 mRCC,ccRCC - IO+IO双免疫（IPI+NIVO）耐药后,伊匹木单抗+纳武利尤单抗；帕博利珠单抗+阿昔替尼,CTLA-4+PD-1双免疫；IO+TKI,TKI单药（卡博替尼、阿昔替尼、仑伐替尼+依维莫司）；mTOR抑制剂；HIF-2α抑制剂（belzutifan）；临床试验（如LAG-3再挑战、TIGIT联合）,双免疫耐药后全球约2-4万人,约3-8亿美元（双免疫耐药后线市场）,Cometriq/益普生；Inlyta/辉瑞；Lenvima+Afinitor/卫材+诺华；Welireg/默沙东；Opdualag/百时美施贵宝（探索再挑战）
实体瘤,肾癌,转移性肾细胞癌 mRCC,肉瘤样/横纹肌样分化型（高度侵袭性）,单纯VEGFR-TKI；单纯免疫治疗,VEGFR-TKI；化疗,免疫+TKI联合（帕博利珠单抗+阿昔替尼，优选）；IO+IO双免疫（纳武利尤单抗+伊匹木单抗）；BAP1/SETD2突变相关的靶向探索（EZH2抑制剂，临床）,肉瘤样分化占肾癌的5-10%；全球约2-5万人,约2-5亿美元（肉瘤样分化肾癌市场）,Keytruda+Inlyta/默沙东+辉瑞；Opdivo+Yervoy/百时美施贵宝；tazemetostat/Ipsen（EZH2抑制剂，探索）；Cometriq/益普生
